zip,Rate,Amount
36301,0.975952,49124.0
35957,1.009791,53859.0
35630,1.155194,44168.0
36467,0.930693,41654.0
35235,0.950461,57244.0
35968,0.940442,44902.0
35007,1.357894,86994.0
35233,0.986149,52207.0
35660,0.942821,42510.0
36360,1.128581,50032.0
36116,1.821866,53973.0
36106,1.002684,71202.0
36801,0.991755,58256.0
35233,1.239583,52207.0
35058,0.941741,59950.0
36420,0.934696,50126.0
35801,1.709481,103125.0
35903,1.935478,50063.0
35555,0.984791,50598.0
35901,0.760899,47826.0
36330,0.891175,71589.0
35205,0.973234,49194.0
35042,0.987815,50238.0
35768,0.94639,47612.0
36340,0.970389,48681.0
35010,1.086592,48744.0
36207,1.203054,70090.0
35611,0.999676,54606.0
36535,1.105494,67013.0
35601,1.169286,50216.0
35594,0.94903,47946.0
36617,1.111142,39922.0
36608,1.156321,64372.0
35401,0.99496,30031.0
36426,1.044695,50065.0
36532,0.9426,86026.0
35160,1.024314,50007.0
35211,1.054609,34286.0
35243,1.020828,99063.0
36067,0.954634,64837.0
36732,1.371343,45029.0
36607,1.348918,40681.0
35022,1.091108,79084.0
36701,0.922679,40466.0
36460,0.983241,35000.0
36081,1.041452,42005.0
36507,0.976136,47919.0
35125,1.081892,63823.0
35801,1.01413,103125.0
35216,0.991361,73125.0
36608,1.044639,64372.0
36117,1.116682,72237.0
35233,1.104196,52207.0
36037,0.960938,48571.0
35661,0.990537,66726.0
35653,0.963286,52454.0
35150,0.955404,41328.0
36867,1.024881,46847.0
36502,0.982539,41136.0
35045,1.18151,62078.0
36109,0.945631,61059.0
99508,1.020971,72751.0
99645,0.958618,97069.0
99801,0.955573,101141.0
99701,1.291533,73551.0
99508,0.956776,72751.0
99669,1.205745,84133.0
99508,1.671529,72751.0
85006,1.464778,60742.0
85712,1.126433,48185.0
86326,0.911758,58250.0
85745,0.85929,68608.0
85711,0.919537,52358.0
86301,1.685964,71962.0
85364,0.980856,57497.0
85020,0.9799,78412.0
85122,0.974028,64243.0
85008,0.888609,61369.0
86001,0.879356,62587.0
85013,1.428491,68895.0
85015,0.934006,52585.0
85224,1.005213,90886.0
85006,0.942618,60742.0
85251,0.890758,89151.0
85635,1.006815,60822.0
86401,0.987682,64087.0
85351,1.145454,50812.0
85901,1.320269,60313.0
85719,0.915337,41086.0
85202,1.122868,66582.0
86403,0.984888,57531.0
86504,0.968009,47227.0
86045,1.081659,49559.0
85016,1.151625,85085.0
85032,0.985954,74331.0
86503,1.138529,30313.0
85741,0.83702,71812.0
85260,1.027603,103854.0
85206,0.779579,69986.0
85306,1.174732,82060.0
85027,1.193496,73255.0
85375,0.828235,63977.0
85308,1.123567,95512.0
86442,0.866152,45486.0
85054,0.8064,89099.0
85206,1.15075,69986.0
85206,0.841196,69986.0
85015,0.887423,52585.0
85395,0.982145,107980.0
85713,0.899392,50264.0
85008,0.946125,61369.0
85755,0.839676,109368.0
85037,1.170515,81919.0
86426,0.950333,65186.0
85297,1.071252,132684.0
85209,0.883659,80498.0
85234,1.053542,118012.0
85255,0.733606,143567.0
85012,0.871198,80242.0
85140,0.992564,98668.0
85008,0.758362,61369.0
85338,0.944774,99345.0
85212,0.979082,123404.0
85085,0.886025,122138.0
85286,0.962304,118759.0
85629,0.950737,106039.0
72761,0.895799,69620.0
72830,0.970926,41768.0
72703,0.735812,60232.0
72205,1.229175,62888.0
72758,0.734427,94605.0
72143,0.828468,55522.0
71953,0.983033,52355.0
72205,0.944646,62888.0
72601,0.879282,54059.0
72335,0.967199,39045.0
72401,1.612038,43412.0
72764,0.892445,61569.0
72653,0.948539,48096.0
72034,1.256975,61675.0
72117,1.226081,41670.0
72450,0.958517,56390.0
72801,0.881276,42363.0
71701,0.942161,52153.0
71655,0.949371,40878.0
72901,1.606116,42568.0
72903,0.786925,60186.0
71753,0.954461,45714.0
72315,1.156332,54297.0
71603,0.895355,51019.0
72160,0.976831,58372.0
72104,0.980224,51492.0
71901,1.171046,52410.0
72015,0.807686,64550.0
71730,0.845541,50845.0
72703,0.922018,60232.0
72205,0.947997,62888.0
72205,0.98913,62888.0
72405,1.224182,84722.0
72211,0.843167,80808.0
72120,0.961956,75853.0
72118,0.757013,47266.0
72032,1.144613,61452.0
72019,0.840292,86025.0
94545,0.913242,115258.0
95501,0.740095,55076.0
94010,0.633702,191758.0
94117,0.911883,175096.0
94558,0.720857,109444.0
94574,1.201071,139779.0
95642,1.123401,85000.0
95819,1.066857,127500.0
92501,0.811556,83027.0
91950,0.856739,63858.0
92103,0.936052,96887.0
91942,0.88896,81262.0
95521,0.974266,54324.0
95966,0.740285,63948.0
93301,0.805668,40725.0
95128,0.948868,122647.0
95926,0.857937,62334.0
91342,1.044334,95480.0
96080,0.906208,63365.0
94609,1.052587,106698.0
92243,0.96343,55890.0
94109,1.08476,112201.0
92220,0.954707,59116.0
94110,0.920347,152403.0
93534,0.98411,58891.0
93291,1.051261,81502.0
91204,1.135616,72906.0
93721,0.999118,32602.0
90027,0.805574,90532.0
95361,0.97987,91381.0
92868,1.05421,89050.0
94080,0.938501,135966.0
95051,0.934663,185632.0
94596,1.137576,137660.0
94589,0.956175,91313.0
94611,0.940636,176517.0
94115,1.049458,154264.0
92103,1.012344,96887.0
90732,0.89132,118658.0
93030,0.794823,90067.0
95204,0.839107,71792.0
92411,0.945543,55457.0
95476,0.923121,108322.0
90255,0.91618,61376.0
93720,1.018906,103636.0
91786,1.19996,86961.0
92123,1.240959,121856.0
94589,0.883353,91313.0
92503,0.928989,91523.0
90033,0.970797,56001.0
90262,0.813911,70507.0
93454,0.745259,84178.0
95816,0.795858,90521.0
93436,0.884165,76241.0
90404,0.94966,85081.0
94403,0.959412,179825.0
92025,0.845166,71716.0
91325,0.955034,92602.0
95336,0.946351,86411.0
93230,0.865272,73558.0
95203,0.939047,64710.0
91208,0.949855,131229.0
95116,0.830503,83428.0
91405,0.935793,61207.0
95695,0.910662,78875.0
92056,1.194733,102570.0
92404,1.066665,66173.0
94945,0.836922,109750.0
91776,1.170397,79926.0
95901,1.061463,68109.0
90028,0.729629,59393.0
94954,0.863889,107564.0
91402,1.133046,56369.0
90027,1.134471,90532.0
90242,0.899016,83238.0
92335,1.049049,75198.0
93940,1.286351,110669.0
90015,0.947475,63211.0
95945,0.777583,61068.0
94109,0.956134,112201.0
91436,0.900086,174803.0
93003,0.910053,100300.0
95231,1.376863,73292.0
92835,0.704392,138487.0
90602,1.161166,67259.0
95405,0.749691,117931.0
95382,0.816386,93592.0
94598,1.194488,188170.0
90813,0.930178,50302.0
95076,0.890089,86685.0
94538,1.205406,144451.0
94062,0.94522,233333.0
93552,0.917737,84894.0
94501,0.885431,119500.0
91911,0.976024,79334.0
92663,0.895666,138271.0
92801,1.060324,78477.0
94110,1.075747,152403.0
92843,0.851454,82009.0
91767,0.64963,80201.0
93401,0.685353,95386.0
92118,1.161132,135056.0
91505,0.984688,106364.0
93065,1.229145,113893.0
91007,1.071537,101762.0
91206,0.740125,86684.0
95065,1.020179,142768.0
92262,0.840363,70514.0
92324,0.88495,69419.0
93906,1.016162,96044.0
95667,0.875741,90499.0
93308,1.046508,59511.0
93703,0.908169,43236.0
93257,0.97463,58261.0
92373,1.073324,99354.0
94553,1.153664,121023.0
92252,0.97864,62821.0
96001,1.290544,70594.0
91801,0.937896,85549.0
94588,0.921219,186569.0
94015,0.879599,123552.0
90404,0.89217,85081.0
95403,1.010688,94480.0
92555,1.06602,113636.0
93301,1.00105,40725.0
92311,1.123782,59338.0
92307,1.164821,74715.0
95482,0.864658,70063.0
94705,0.890327,163254.0
94040,0.870551,184494.0
95661,0.958596,103745.0
95655,0.774237,130500.0
95376,0.843561,103493.0
93306,1.009961,66988.0
94304,0.982318,162569.0
94602,0.915881,124744.0
92037,1.254867,141822.0
92354,0.637476,86063.0
92882,1.011309,100668.0
93901,0.936917,91639.0
95370,0.835432,72433.0
95240,0.98843,76870.0
92227,0.98225,60593.0
92868,0.941174,89050.0
90640,1.422012,74833.0
96150,1.010408,83738.0
90503,0.706089,119685.0
93111,0.900963,139876.0
94904,1.084504,161875.0
94533,1.016493,85990.0
90033,1.009859,56001.0
91352,0.956453,74621.0
95124,0.898183,188433.0
91723,1.082413,87363.0
92543,0.96199,47002.0
90241,0.852041,84375.0
93003,0.7863,100300.0
93105,1.022259,129549.0
94133,0.949356,83025.0
90710,1.017485,77486.0
95630,1.147177,139182.0
95531,0.936817,66817.0
92037,1.002083,141822.0
95825,1.013227,64264.0
92804,0.813983,74588.0
94305,0.936035,72470.0
95340,0.717679,65141.0
93301,0.851602,40725.0
94117,0.731453,175096.0
95350,1.228911,73611.0
90247,0.852518,73851.0
90017,1.082679,51317.0
91307,0.901398,136154.0
90806,0.950936,73674.0
94546,0.867703,125780.0
93611,1.020277,114677.0
94520,1.335095,79790.0
95603,0.962823,80851.0
92024,1.01282,149080.0
93405,0.874156,52481.0
94903,0.961654,127464.0
94538,0.947629,144451.0
92120,0.992402,114579.0
95608,0.785204,83638.0
92395,0.943594,57407.0
94509,0.97654,81512.0
92647,0.873638,107877.0
93635,0.941655,70666.0
92201,0.892775,66663.0
95616,0.897437,74758.0
94063,0.927598,115528.0
91360,0.943197,116729.0
90720,1.069531,134232.0
95355,1.150263,83460.0
90034,1.091121,103082.0
92691,0.821834,135779.0
92708,1.035411,111797.0
92270,0.690458,109943.0
90623,0.895471,112366.0
90712,1.084462,119246.0
91710,0.874368,104205.0
91773,0.845828,105926.0
92870,0.912174,110575.0
95823,0.842772,63701.0
91740,1.133957,98819.0
95817,1.223622,64621.0
92653,1.02158,128623.0
95119,0.859068,164129.0
93215,1.113664,61329.0
92806,0.861355,95112.0
91355,1.06408,109348.0
90048,1.00859,104227.0
93465,1.047206,120843.0
92064,0.902753,144201.0
90023,1.021434,56623.0
90023,0.709249,56623.0
95823,0.932012,63701.0
91367,1.121194,109629.0
92708,1.130992,111797.0
92585,1.039686,97898.0
92505,0.915601,84528.0
94583,0.965913,184033.0
95403,0.945195,94480.0
90033,0.794554,56001.0
96001,0.988673,70594.0
92562,1.077089,113204.0
91402,1.00981,56369.0
93710,0.886445,62294.0
92395,0.808029,57407.0
93720,0.91927,103636.0
95065,0.980293,142768.0
90242,0.944595,83238.0
91706,0.888936,79473.0
95355,0.961052,83460.0
90605,0.887296,100825.0
91754,0.912821,81890.0
91754,0.953522,81890.0
91733,0.942854,67245.0
90301,0.758009,62991.0
90292,0.903245,136964.0
92805,0.964906,85623.0
92869,1.011106,147047.0
92705,0.815085,125928.0
92704,0.922808,94249.0
95337,0.910674,110132.0
91403,0.789384,114348.0
91763,0.892817,77627.0
94531,0.995392,123428.0
91356,0.765199,110094.0
90026,0.783148,85835.0
96001,0.803959,70594.0
92555,0.955922,113636.0
95991,0.95842,64853.0
95688,0.909265,115791.0
92618,0.893891,135609.0
92563,0.88525,118519.0
90650,0.887099,98709.0
95661,1.032724,103745.0
92592,1.146919,132475.0
90806,0.91918,73674.0
94577,1.021863,110989.0
90059,0.906522,53840.0
92780,0.840534,98647.0
91767,0.812909,80201.0
93274,0.912996,69905.0
90036,0.890099,102877.0
94121,0.852614,138353.0
80631,1.071295,52470.0
80501,0.922382,77705.0
80601,0.960937,99031.0
81401,1.02032,63541.0
81101,0.934961,50020.0
80033,0.983013,84719.0
80524,0.749417,84440.0
80204,1.104606,79265.0
81004,0.945194,48620.0
81301,0.791124,83209.0
80218,1.216129,82925.0
80228,1.001482,110013.0
81003,1.010218,43750.0
80909,0.908318,61777.0
81501,1.10298,48500.0
80045,1.147755,50000.0
80304,1.131486,121534.0
80218,1.157119,82925.0
80538,0.896789,85057.0
80907,1.11142,71393.0
80220,0.85211,101961.0
80113,0.70057,95543.0
80701,0.973506,72500.0
80487,0.942115,106837.0
81505,0.937264,87677.0
80045,1.01942,50000.0
80210,0.899291,120156.0
80229,0.91975,83450.0
81416,0.874653,52174.0
81601,0.976347,103632.0
80751,0.953252,49221.0
81501,0.952363,48500.0
81657,0.8592,105370.0
80012,1.322042,69835.0
80027,1.136325,153165.0
80023,0.849493,159970.0
80124,1.071431,126775.0
80122,0.772503,120181.0
80138,1.224898,142397.0
80026,0.916209,115031.0
81301,0.963298,83209.0
80443,0.958189,112179.0
80538,1.206024,85057.0
80228,0.804814,110013.0
80109,0.879513,148417.0
80528,0.971666,122133.0
80504,0.884226,109671.0
80021,0.977538,105645.0
80918,0.943361,82743.0
80634,0.911537,83255.0
80129,0.843862,136915.0
6105,1.094379,41235.0
6260,0.922335,67353.0
6069,0.917965,106761.0
6320,1.15178,60224.0
6076,0.962091,96944.0
6610,1.234723,50836.0
6790,1.055418,69720.0
6706,0.849419,51770.0
6450,0.716922,68961.0
6830,1.030872,146841.0
6457,0.860626,74003.0
6226,0.923278,44103.0
6360,0.814508,65848.0
6040,0.926993,84741.0
6606,0.925689,68538.0
6010,0.980383,83642.0
6418,1.012864,75718.0
6810,0.907996,74373.0
6032,0.941847,131488.0
6516,0.897052,73566.0
19805,0.871162,56708.0
19901,1.328862,63891.0
19973,0.895939,62668.0
19958,2.602579,91445.0
19963,1.240491,65420.0
19805,1.059864,56708.0
20037,1.239449,98917.0
20007,1.304001,142783.0
20016,0.791618,179107.0
20032,1.030145,48146.0
20010,0.786774,110260.0
32209,1.146578,29468.0
33435,1.074853,66612.0
32806,1.076937,86653.0
32803,1.051798,101401.0
33176,1.244721,80437.0
33901,0.898083,51579.0
32114,1.579442,39906.0
34102,1.025341,115927.0
32901,0.833002,50646.0
33136,1.316836,43481.0
34452,1.18969,58199.0
32504,0.839853,74067.0
32401,1.107126,49901.0
32796,0.966488,67399.0
33150,1.013802,40802.0
34761,0.878569,90406.0
33701,0.906332,69098.0
33140,1.175288,103898.0
34208,0.983301,59899.0
33021,1.008358,69249.0
33316,1.115034,89200.0
32204,0.881438,54462.0
34698,1.054284,67323.0
34994,1.09391,62895.0
32720,1.161248,67512.0
33541,0.913729,55556.0
33950,0.927837,74484.0
33870,0.92998,50606.0
33012,0.897913,45818.0
34711,0.845918,88474.0
33881,0.825591,53867.0
33013,0.978752,57242.0
32578,0.962259,105858.0
34689,0.942751,66523.0
32778,1.100754,61815.0
34474,0.773415,62150.0
34652,0.913973,52396.0
33705,0.72765,70783.0
32117,1.096689,52132.0
33614,0.964871,51143.0
34601,0.888823,56365.0
32763,0.89648,64022.0
33308,1.028992,83413.0
33607,0.883236,66404.0
33952,1.318433,56117.0
33462,1.118024,72288.0
34748,0.764526,53768.0
33064,0.940332,66269.0
34239,0.622126,76378.0
32207,1.100561,60875.0
32086,0.933439,74508.0
32955,0.86141,85133.0
32503,0.939759,67654.0
33853,0.918701,40938.0
32960,0.991427,52350.0
33936,0.916845,48260.0
33872,1.179792,68086.0
34741,0.959419,50278.0
32250,0.956712,111553.0
32164,1.140777,71738.0
33830,1.078523,62636.0
32539,1.010869,72521.0
32570,0.898265,73615.0
33033,1.021462,66662.0
33707,0.999367,68560.0
33756,0.886375,63990.0
33606,1.420804,113634.0
33430,0.971399,48690.0
33180,0.833085,88613.0
33563,0.979234,56318.0
32308,1.018261,73125.0
33837,1.262286,75861.0
32034,0.918995,97756.0
32446,1.067924,53505.0
33040,0.913019,79038.0
32224,0.760517,80774.0
33143,0.746836,80924.0
32055,0.825649,57328.0
33805,1.234494,55565.0
32025,0.949562,47074.0
32771,1.103694,74520.0
34233,0.82172,77041.0
33317,1.190271,84239.0
33486,1.052282,113575.0
33613,1.333415,44642.0
34266,0.974487,47414.0
33410,1.344905,96059.0
32931,1.14949,84769.0
32216,1.201511,63253.0
33710,0.934572,76908.0
33143,0.968746,80924.0
33134,0.896389,92009.0
33016,0.939822,56633.0
33063,0.916479,62930.0
34655,0.766193,85107.0
33308,1.249408,83413.0
32605,0.584804,83114.0
33609,0.89309,105083.0
33175,0.844509,79711.0
33525,0.859696,69697.0
34471,1.932191,60283.0
34209,0.950625,80829.0
32958,1.033908,68276.0
33912,1.079486,101043.0
32547,0.873071,67822.0
33321,0.833746,60013.0
32073,0.713079,76139.0
33324,0.849491,83678.0
33024,0.929988,76501.0
32514,1.013341,66484.0
32177,0.881476,47486.0
33952,0.9052,56117.0
33709,1.04603,52621.0
32405,0.700438,71002.0
33511,0.816576,77383.0
33990,0.825187,70278.0
34950,0.885163,32707.0
33770,1.148326,58071.0
34428,0.966322,48185.0
34972,0.894594,53902.0
33458,1.001197,107626.0
32308,0.864813,73125.0
34667,1.006245,51106.0
33484,1.033007,56942.0
33573,0.944986,68431.0
34952,0.799244,60123.0
34613,0.875618,56175.0
34695,0.785067,96138.0
32561,0.951421,119042.0
34223,0.934629,70155.0
33428,0.915542,85939.0
33470,1.045608,116758.0
33414,0.91683,105953.0
33065,0.890764,70435.0
33028,1.521216,111553.0
33155,0.908882,79271.0
33029,0.990177,145282.0
34119,1.050869,109260.0
33401,0.995367,60942.0
33407,0.910407,56606.0
33331,0.947014,142464.0
32159,0.704893,57536.0
32935,1.039879,63841.0
32550,0.868949,96269.0
33146,0.895752,124712.0
34202,0.753987,123210.0
34769,0.976421,58764.0
32216,0.868095,63253.0
32456,0.98588,73723.0
33196,0.887784,93370.0
32940,1.16151,106511.0
32907,0.844437,71827.0
33544,0.938705,103134.0
34758,0.91844,67128.0
32068,0.921065,82410.0
32765,0.898079,99161.0
32725,1.106544,70801.0
32827,0.928796,112026.0
34275,0.735985,84503.0
33328,0.981025,127386.0
32259,0.946707,144168.0
33544,0.996742,103134.0
32608,1.073329,60182.0
33612,0.865987,43919.0
33125,0.782001,40940.0
33410,1.335401,96059.0
32827,0.885309,112026.0
30720,1.188861,65620.0
30286,1.01112,50526.0
31501,0.889637,37203.0
30041,1.078262,141825.0
30606,1.554629,61397.0
30115,1.239386,113346.0
30117,1.467253,58463.0
30180,1.24201,88269.0
30240,0.878015,59521.0
30014,0.962407,71055.0
30701,0.877241,62075.0
31405,1.272199,62123.0
31520,1.346251,37652.0
30553,1.195799,52146.0
30901,0.949322,23019.0
30501,1.042839,58214.0
30120,0.875556,83892.0
30223,0.95167,56940.0
30577,0.964141,50096.0
30060,1.006755,62180.0
31404,1.187121,49805.0
31792,0.829174,49045.0
30535,0.976436,55380.0
30141,0.87483,84724.0
31419,1.671431,70734.0
31719,1.031959,43496.0
30655,0.919818,68292.0
30512,1.012281,65815.0
31901,1.279235,47316.0
31093,1.06506,48186.0
31750,1.160548,39564.0
30606,0.907487,61397.0
30458,0.851921,50036.0
30033,1.19752,107647.0
30308,1.067593,82420.0
30342,0.992976,117865.0
30309,1.018243,111894.0
30045,1.244876,98702.0
31642,0.83299,39131.0
30012,0.876358,60169.0
31023,0.976654,47558.0
31794,1.044223,44569.0
31620,0.992704,51375.0
31015,0.975863,41930.0
31768,0.856237,44895.0
31201,1.225439,22936.0
30824,0.970932,54214.0
30830,0.971109,50956.0
31602,0.895813,55980.0
31545,0.96569,44260.0
31021,0.829847,50956.0
30474,0.913183,54713.0
39819,0.963625,42654.0
30417,0.987995,54239.0
30106,0.82498,65715.0
31558,0.979894,67761.0
31061,1.070552,55371.0
31069,0.950468,75526.0
30342,1.013558,117865.0
31217,1.133476,43821.0
30274,0.950431,50455.0
30165,0.851409,63915.0
30909,0.85236,67710.0
30134,0.86744,73699.0
30281,0.796305,70587.0
30078,0.91896,90054.0
39845,0.977756,48588.0
30076,1.392149,113166.0
31909,0.814863,69221.0
31210,0.910601,82158.0
30214,1.003758,87138.0
30143,1.06028,79879.0
30058,0.916393,62633.0
30265,0.968578,104446.0
30097,0.801695,127464.0
30265,0.919918,104446.0
30096,1.053652,75478.0
30033,1.113559,107647.0
30904,1.178787,45636.0
96813,1.166344,87799.0
96793,1.086476,104220.0
96720,1.405293,78537.0
96734,0.928763,131554.0
96817,1.122823,74690.0
96819,0.974819,96346.0
96766,0.971047,96434.0
96750,0.905011,86293.0
96813,1.038105,87799.0
96701,0.749333,107888.0
96743,0.928386,98177.0
83301,1.127622,62388.0
83501,0.851591,71909.0
83712,0.723476,105764.0
83706,1.085817,81101.0
83687,0.907339,72294.0
83605,0.865456,60657.0
83404,0.751409,79211.0
83440,0.957154,57701.0
83201,1.053978,63209.0
83702,0.857758,82586.0
83814,1.328436,69914.0
83704,0.956002,70806.0
83404,0.883284,79211.0
83854,0.835241,72820.0
83687,1.04374,72294.0
83404,0.882224,79211.0
61520,0.937717,56618.0
62002,0.801455,57851.0
60435,1.239037,74967.0
60160,1.066959,64740.0
60201,0.713675,92101.0
62948,0.937164,59031.0
61021,1.1888,65719.0
61354,0.905428,69382.0
62301,1.047448,52212.0
60608,1.082789,70704.0
60504,1.093572,98249.0
60123,0.926329,86762.0
62401,0.909006,76098.0
62801,0.884602,53740.0
60612,0.91454,60457.0
61081,0.973171,60854.0
62864,1.294817,58082.0
60617,1.041698,51237.0
60302,1.49287,97414.0
62002,0.961381,57851.0
60402,0.989867,73993.0
62052,0.94068,75296.0
60463,1.211247,105389.0
60304,1.246972,132841.0
61401,0.870229,47728.0
60525,0.869869,113718.0
60628,1.376764,49719.0
62207,0.991816,29184.0
60141,1.340347,16611.0
60202,0.91747,101087.0
60640,1.17111,71030.0
60644,0.956911,37952.0
60085,0.875997,64330.0
60637,0.784585,42080.0
61455,0.972979,45048.0
62959,1.056941,69914.0
61801,1.08493,37948.0
61832,0.925943,45264.0
60623,0.954093,44040.0
60099,0.864532,65647.0
60450,0.90329,81716.0
60621,0.928394,33235.0
61350,0.844039,77562.0
61801,0.961322,37948.0
60625,1.010782,85299.0
60613,0.96925,91351.0
60050,0.817036,86315.0
60631,1.030382,117688.0
60612,0.764825,60457.0
61554,0.91937,62484.0
60521,0.74566,244318.0
60612,0.906692,60457.0
62040,0.940301,60558.0
61761,0.829266,66642.0
60045,0.880542,225551.0
60629,0.920974,58813.0
62526,0.954478,48222.0
62246,0.989394,61740.0
62230,0.95992,81824.0
62702,1.319436,52748.0
60612,1.922283,60457.0
60901,0.849749,54557.0
60616,1.019208,77841.0
61032,0.981443,54179.0
61764,0.924721,68438.0
61701,0.718675,55882.0
62901,1.107377,32960.0
62521,1.749504,66848.0
60461,1.079004,108203.0
60506,1.052049,76105.0
60805,0.863897,95738.0
60622,1.057793,124852.0
60617,0.941287,51237.0
60657,1.153001,109025.0
62959,0.957878,69914.0
62226,0.915909,66018.0
60901,1.035642,54557.0
62269,0.971708,100167.0
61938,1.228655,54288.0
60426,0.834736,40995.0
60126,0.883807,143333.0
60048,0.797108,169283.0
60622,0.938546,124852.0
60453,1.323264,82493.0
62946,0.974025,55551.0
60134,0.712744,148283.0
60451,0.890627,132260.0
60123,0.925482,86762.0
60068,0.980702,138201.0
60657,1.039293,109025.0
61104,0.830043,32161.0
60540,0.906916,155866.0
61108,0.964727,63046.0
61103,0.807574,47390.0
60190,0.687827,146775.0
60634,1.101761,84997.0
60005,0.671288,100304.0
60007,1.076608,95240.0
61282,1.173657,67833.0
60153,1.14901,66498.0
61201,0.897456,57260.0
60611,0.712693,124621.0
60115,0.917199,46808.0
60515,1.632923,121358.0
62062,0.879381,97409.0
60169,0.949619,92399.0
60010,1.154685,175050.0
60139,0.916819,81996.0
62864,0.944192,58082.0
60440,0.891684,95120.0
60064,1.193807,49256.0
46131,0.934042,81914.0
46402,0.982623,29125.0
46122,1.177537,94290.0
46350,0.945438,75311.0
46902,1.107907,59548.0
46312,0.973696,41071.0
47130,0.869023,68412.0
46952,1.022224,53481.0
46545,1.207737,55889.0
46360,0.921376,59641.0
46804,1.085782,84778.0
46514,0.976765,61784.0
46845,0.793007,115690.0
47933,0.960831,61968.0
47804,0.969711,38036.0
46202,0.963789,61082.0
46526,0.802861,65864.0
47362,0.830334,56564.0
46342,1.141291,72163.0
46383,0.85895,75575.0
46140,0.943718,82850.0
46202,0.913399,61082.0
47591,0.93802,57862.0
47150,1.026644,62212.0
46706,0.965466,76288.0
47802,1.031381,58880.0
46802,0.962278,40903.0
47374,0.92018,52566.0
47403,0.858682,68703.0
46202,1.009838,61082.0
46158,0.889519,79877.0
46601,2.086098,27080.0
46060,1.271304,91141.0
47501,0.939767,60476.0
47274,1.012086,72186.0
47250,0.957677,56667.0
46947,1.122556,55088.0
46219,0.901097,57811.0
46714,0.977341,63468.0
46563,0.947893,69205.0
46260,0.931716,70642.0
47025,0.872708,89986.0
46016,0.989851,35543.0
47303,0.891349,42556.0
46311,0.993519,109167.0
46750,0.976999,60883.0
46176,0.989691,66045.0
46725,0.978059,76214.0
46052,0.885918,66828.0
47905,1.109058,63115.0
47201,0.943957,82667.0
46011,0.89464,77618.0
47546,1.197663,67806.0
46321,1.120728,105764.0
46307,0.917586,102118.0
46227,0.932193,50993.0
46580,1.038607,70978.0
46755,0.978483,66034.0
47630,0.977712,101462.0
46825,1.056243,68890.0
46032,0.812244,123438.0
46123,0.822194,102989.0
46278,0.812989,153930.0
46032,0.747207,123438.0
46237,0.760336,76676.0
46321,0.924071,105764.0
46307,0.868079,102118.0
46845,0.907585,115690.0
46804,0.879824,84778.0
46256,1.303373,86529.0
47150,0.933234,62212.0
47905,0.825588,63115.0
46545,0.974883,55889.0
46037,0.948158,137969.0
47403,0.924338,68703.0
46032,0.968224,123438.0
50158,1.009879,71212.0
52761,0.954851,63924.0
50501,1.577874,66130.0
51503,0.955816,76064.0
52245,1.335645,75876.0
50010,0.841765,65701.0
50208,0.964929,61064.0
52803,1.272641,61082.0
50310,1.123006,74473.0
50613,0.97301,75642.0
52402,1.081911,71319.0
51503,0.987018,76064.0
52246,0.805386,55088.0
52655,1.387765,54405.0
50401,1.07109,63807.0
50702,0.900621,59784.0
52001,1.074558,60882.0
52403,1.799836,73848.0
52732,0.945922,58380.0
50309,1.000435,57974.0
50314,0.962153,38511.0
52501,0.970177,59091.0
50314,0.994056,38511.0
52722,0.924961,105763.0
50703,1.135182,49412.0
51301,1.008284,61175.0
52001,1.03708,60882.0
51360,1.236742,77464.0
51104,1.054426,74984.0
50112,0.931734,64707.0
51101,1.303346,18103.0
66762,0.935161,48257.0
67401,1.046986,62603.0
67601,1.142554,58480.0
66067,0.960486,70653.0
66606,1.065463,60862.0
67042,0.947347,56633.0
67502,1.699095,73192.0
67846,0.889867,72507.0
67124,0.847638,65707.0
66061,0.839015,109110.0
67901,1.684651,62222.0
66441,0.968982,58876.0
66604,1.01451,59690.0
67218,1.220931,47905.0
67114,1.224307,68393.0
66204,1.01013,75248.0
67460,0.945686,80091.0
66071,0.999713,82042.0
67357,0.982925,55791.0
67214,0.896132,36636.0
67214,0.806767,36636.0
66044,0.888459,56340.0
66502,0.944647,52363.0
66112,0.72344,62824.0
67801,0.939731,71489.0
66215,1.064077,89065.0
66209,0.764597,148081.0
67226,0.881623,88603.0
66213,0.907574,114926.0
67226,0.940091,88603.0
67401,0.870493,62603.0
66211,0.856807,110662.0
66502,0.959815,52363.0
67530,0.909888,57990.0
66211,1.089607,110662.0
67226,0.764814,88603.0
67002,0.746221,105625.0
67502,0.959113,73192.0
66219,0.975367,91144.0
67235,0.990263,112500.0
66739,0.874247,47900.0
67037,1.008318,84666.0
41075,0.982422,99075.0
41858,0.938595,42363.0
42345,0.937767,68040.0
41653,1.201432,43984.0
41101,1.005999,53491.0
40504,1.452619,43015.0
40741,1.204113,60417.0
42701,1.025003,68715.0
42101,0.808081,49045.0
40065,0.974267,76813.0
42141,1.0535,51188.0
40351,1.017857,51110.0
41056,0.895409,49549.0
40965,0.960773,30980.0
40033,1.118268,49642.0
40004,1.07284,64222.0
42071,1.246309,48976.0
41701,0.962188,39427.0
41017,1.023833,100645.0
42303,1.254276,63010.0
40202,1.077318,29382.0
40962,1.505099,39694.0
41501,1.487077,44719.0
41042,0.862025,75582.0
40361,0.970889,57074.0
40422,1.096747,60926.0
40475,0.952377,62731.0
40831,0.973395,35417.0
42420,0.910766,56661.0
40353,0.957148,56981.0
42276,0.971461,63586.0
41503,0.947207,116027.0
40206,0.854742,72543.0
42754,0.946889,49230.0
41240,1.032809,41000.0
41031,0.949808,62052.0
40701,0.870156,47288.0
42718,1.389121,60764.0
40202,1.021087,29382.0
40391,0.887293,67910.0
42431,0.824666,57529.0
40324,0.971837,83012.0
42003,0.78131,54052.0
40503,1.016922,74161.0
42003,1.403708,54052.0
40456,0.985008,46879.0
42066,1.025856,48118.0
42104,0.74021,73975.0
40601,0.86831,67125.0
41230,1.025236,45240.0
40207,0.940056,98583.0
42503,1.005158,53377.0
40031,0.884613,96682.0
41339,0.969569,41144.0
40202,0.991234,29382.0
40509,1.04698,89429.0
40977,0.9882,35822.0
70503,1.199391,94360.0
70301,0.891167,62470.0
70112,1.324984,23052.0
70506,1.005094,55553.0
71457,1.001684,47410.0
70360,0.788478,82365.0
71202,1.047998,26883.0
70663,1.123281,59444.0
70380,0.975522,54504.0
70403,0.872855,50547.0
70570,1.041799,45276.0
71301,1.180682,44330.0
70791,0.980121,80243.0
70554,0.97337,25922.0
71301,1.063491,44330.0
70601,0.880905,49545.0
70510,0.91378,50881.0
70121,1.197829,59029.0
70072,1.050308,55866.0
70458,1.09577,69816.0
71105,0.981026,66758.0
70526,0.883377,37689.0
70433,0.738858,79354.0
70115,0.993532,94181.0
70634,0.959422,64359.0
70546,1.16857,52353.0
70560,1.098011,48296.0
70601,1.180881,49545.0
70808,0.773367,69078.0
70809,1.038309,81310.0
71270,0.992438,37599.0
71075,0.965653,33189.0
71351,1.13055,48006.0
70508,0.829851,88017.0
71463,0.958293,46658.0
71103,1.030925,27958.0
71220,0.976969,36186.0
71201,1.024644,53538.0
70817,0.993123,102878.0
71295,0.975148,43223.0
71055,0.899158,33919.0
71269,1.047565,51334.0
71291,1.03557,69012.0
71446,0.91883,56767.0
70586,0.937461,43375.0
70006,0.943876,74049.0
70363,1.303565,44828.0
71418,0.982986,31975.0
70605,0.967836,88337.0
70816,1.036964,65894.0
71449,0.987681,54534.0
70360,1.000886,82365.0
71201,1.002055,53538.0
70810,0.972041,93712.0
70508,0.979511,88017.0
70458,0.945329,69816.0
70508,0.920072,88017.0
70810,0.832391,93712.0
70433,0.891261,79354.0
70458,0.929117,69816.0
70065,1.143189,65899.0
71101,0.855492,17924.0
71301,0.914161,44330.0
70130,0.967698,82758.0
70403,0.916484,50547.0
70043,1.149993,57065.0
70427,1.065707,43838.0
70127,0.967049,41548.0
71101,0.995947,17924.0
70535,1.122639,44804.0
71360,0.978264,59592.0
70119,0.892493,50854.0
71101,1.524609,17924.0
4401,0.871591,66136.0
4101,0.886351,60726.0
4102,0.765554,79631.0
4769,1.067984,57396.0
3909,0.902283,108889.0
4011,1.437834,74102.0
4240,0.906864,56558.0
4736,0.949826,56189.0
4401,0.756528,66136.0
4330,1.070834,55158.0
4330,0.928294,55158.0
4901,0.963664,54122.0
4605,1.054071,72083.0
4743,0.974208,61628.0
4856,0.918222,93169.0
21742,0.776907,80533.0
21201,0.937917,44722.0
20774,1.040219,128392.0
20910,1.108985,107994.0
21701,1.137891,102306.0
21202,1.271094,61578.0
21229,1.075969,55457.0
21215,1.628353,47606.0
21237,1.440215,90269.0
20904,0.950876,93322.0
21550,0.901184,65302.0
20832,1.030133,166892.0
21801,0.877177,67140.0
20814,0.972019,150401.0
21401,0.85504,119296.0
21218,1.226555,58378.0
21502,0.854753,58721.0
20650,0.869423,139688.0
21224,1.453041,86209.0
21921,1.046996,84608.0
21157,0.977656,102835.0
21225,1.086509,50069.0
20646,0.749727,130008.0
21601,0.827634,81837.0
21201,0.969404,44722.0
20678,1.242243,118288.0
21133,1.199715,84248.0
21061,0.941297,86081.0
21204,1.500954,98452.0
21044,1.153805,132924.0
21014,1.427846,113825.0
20706,1.139268,100061.0
21239,1.06494,64288.0
20850,1.24235,122691.0
20744,0.886729,124838.0
21811,0.829321,91293.0
20735,1.04304,123125.0
21204,0.717583,98452.0
20876,0.922539,113329.0
21201,1.045565,44722.0
1453,0.90568,82098.0
2138,0.957561,122040.0
2703,1.011906,93352.0
2139,0.9339,124648.0
2601,0.853573,62989.0
1301,0.883462,54347.0
1550,1.208218,59397.0
2721,0.851655,50666.0
1040,1.04699,51892.0
1950,0.997432,144259.0
1069,0.940451,79725.0
2118,0.972639,90142.0
1915,1.215529,102347.0
1970,0.947434,85189.0
2135,0.829328,88208.0
1201,0.91512,68879.0
1752,1.034603,95047.0
2302,0.931239,87560.0
2360,1.077861,111975.0
1854,1.191124,70397.0
1104,1.221861,47530.0
2176,1.251059,126854.0
2114,0.83547,135057.0
2780,1.001439,75054.0
2720,1.091655,62907.0
2114,0.864391,135057.0
1844,1.151794,103292.0
2494,1.054077,173750.0
1742,1.323625,211435.0
2215,0.925766,65827.0
2120,0.888921,61472.0
1757,0.952138,92951.0
1440,0.983303,63526.0
2190,1.288522,99024.0
2462,0.683689,210682.0
1890,0.874253,218176.0
2186,0.842661,177222.0
2115,0.852639,53398.0
2301,0.767754,72727.0
2111,1.121409,70865.0
2130,0.707268,130533.0
2540,1.133009,88266.0
1803,0.962712,142421.0
1701,0.96725,127000.0
1608,1.025678,45962.0
48154,0.758928,103763.0
49464,0.947893,97573.0
49221,0.905175,57316.0
49093,0.961001,63040.0
49007,1.142437,39309.0
48075,0.718942,67630.0
48124,0.951474,78353.0
49085,0.944979,101763.0
49036,0.966365,59649.0
48235,1.421517,41011.0
48341,1.044792,46185.0
48801,0.906337,57449.0
48060,0.846014,51342.0
48838,0.971997,66126.0
49707,1.068421,50699.0
49242,1.306515,57813.0
49503,1.128124,61734.0
48708,0.869963,50216.0
48038,0.876555,78684.0
48202,0.883824,36536.0
49855,1.248418,62321.0
49801,1.015071,62461.0
49738,0.940126,57573.0
49503,1.122801,61734.0
49441,1.141365,65235.0
48843,0.927499,91620.0
48602,1.213072,46068.0
49423,1.0555,78524.0
49017,1.112075,58500.0
48601,1.070115,37830.0
48858,0.925911,48794.0
49601,0.896489,65704.0
48230,0.897637,131155.0
49201,0.761743,71714.0
49307,0.956578,54803.0
48661,1.100659,58767.0
49684,0.910526,75678.0
48162,1.03001,68801.0
48201,1.386971,24392.0
49770,0.663871,80431.0
49930,0.978179,67946.0
49431,0.919524,63313.0
49048,1.039089,62160.0
48105,0.894437,94737.0
48867,1.10946,58718.0
48073,1.4651,86426.0
48503,0.908667,40155.0
49735,0.916819,69050.0
48532,1.138603,58118.0
48184,0.993688,54572.0
48198,0.98248,63678.0
48192,0.892263,67846.0
48336,0.899679,85325.0
48236,1.081491,130776.0
48910,1.230507,52154.0
49417,0.987519,84476.0
48183,0.845305,82020.0
48617,0.964953,56601.0
48446,1.010361,66382.0
48093,1.115791,66420.0
48439,1.169788,88505.0
48342,0.967461,33750.0
48811,0.985149,66875.0
49068,1.038897,78476.0
48043,1.032899,57315.0
48912,1.316241,53072.0
49519,1.395969,75373.0
49783,1.120741,59847.0
48054,0.956899,76992.0
48135,0.789467,64396.0
48307,0.93451,105118.0
48118,1.09602,87934.0
48091,0.987924,53400.0
48085,0.870735,144146.0
48180,0.87396,59537.0
48201,1.405861,24392.0
48382,0.867705,132602.0
48201,1.186722,24392.0
48075,0.958692,67630.0
48322,0.933395,118001.0
49660,0.946839,62211.0
48201,0.804637,24392.0
55422,1.054251,91173.0
55805,0.8576,43077.0
55415,1.019055,126480.0
55904,1.121696,76434.0
55902,0.74142,111879.0
55057,0.946764,97521.0
55066,0.956633,70529.0
55805,0.880296,43077.0
55008,0.955904,83209.0
56187,0.968996,63637.0
56308,0.940609,76831.0
56303,0.695634,66789.0
55102,0.959682,74143.0
55417,1.122162,122639.0
55746,0.943665,55694.0
56007,0.889354,66479.0
55987,1.008943,62171.0
55805,0.977686,43077.0
55092,0.980807,97241.0
56537,0.882525,62279.0
55426,0.794132,96887.0
55387,0.91514,109279.0
55407,0.925471,78206.0
55744,1.099953,68213.0
55082,0.964048,117538.0
55060,0.959011,83848.0
55021,0.97816,70296.0
56401,1.244875,70269.0
55313,0.920966,93471.0
55435,0.73952,75829.0
55454,0.840857,26429.0
55792,1.036675,50616.0
56201,1.033794,68054.0
56601,0.976129,69782.0
56501,0.925723,68980.0
55379,0.997278,109824.0
55101,0.879438,72703.0
55433,0.793477,80213.0
55371,0.947746,89674.0
56031,0.943853,61373.0
55350,0.963121,78663.0
55337,0.75592,81641.0
55109,0.818599,81759.0
55125,0.775571,118129.0
55369,0.871796,112541.0
39216,1.111897,43315.0
38801,1.015061,63447.0
38652,1.004529,54321.0
39530,1.199733,39755.0
38834,0.891844,50125.0
38821,0.877618,52810.0
39183,1.009831,66958.0
38655,1.067792,64423.0
39452,0.964663,57300.0
39046,0.955157,48288.0
39581,1.382304,37571.0
38614,0.876936,36273.0
39350,0.982225,50331.0
38829,0.969823,52015.0
39216,0.959942,43315.0
39759,1.056328,42988.0
39601,1.07397,43750.0
39440,1.491398,38687.0
39773,0.937124,38914.0
39301,1.078714,42701.0
39204,0.928636,31667.0
39367,0.959147,37355.0
39401,1.150945,40287.0
38701,1.159051,36998.0
39120,1.049328,40586.0
38732,0.808121,44239.0
39402,0.992311,71254.0
39042,0.968818,88780.0
38930,1.355625,35109.0
39705,1.02103,69292.0
39202,3.098236,41250.0
39301,0.868048,42701.0
39466,0.943548,50926.0
39503,0.885405,61298.0
39232,0.82664,83389.0
38671,1.236276,61744.0
39520,0.933056,65139.0
38654,0.880685,99481.0
38901,0.915882,46956.0
39531,0.873064,54599.0
39216,1.136747,43315.0
64804,1.116284,62081.0
63301,1.028699,83551.0
64506,1.213752,61713.0
65301,1.245235,58906.0
65109,1.008964,72430.0
65401,1.051226,52768.0
63141,1.107528,122917.0
63501,0.890529,55394.0
63019,0.723247,64700.0
65483,0.994516,48099.0
63401,0.893258,60483.0
64132,0.799323,43798.0
63110,0.879981,73809.0
64730,0.976142,46121.0
65807,1.039383,50271.0
64108,1.211372,74462.0
64128,0.897721,35257.0
64468,0.998452,53757.0
63090,0.836393,83966.0
64429,0.952392,65161.0
65536,1.06277,50902.0
64772,1.011529,56194.0
64154,1.04708,92686.0
65804,0.794689,58288.0
65201,0.950971,46177.0
63851,0.980716,28650.0
65270,0.910746,47354.0
63128,0.780582,87266.0
65775,1.584865,48854.0
63026,0.988001,96145.0
64114,0.838914,77643.0
63117,1.026221,86667.0
64057,0.888626,71441.0
64116,0.981106,63352.0
64093,1.049897,62988.0
63106,0.911562,21475.0
64139,1.148141,110528.0
63044,1.095138,76094.0
63110,1.061385,73809.0
63131,0.836112,209306.0
63701,1.032301,67904.0
63801,1.060951,55945.0
63901,1.032464,49979.0
64804,1.113545,62081.0
64111,1.079429,61802.0
65340,0.963872,56534.0
63141,0.76537,122917.0
63640,0.799989,55926.0
64735,0.989683,57782.0
63122,1.035853,132783.0
64068,0.984303,95425.0
63017,0.96937,128750.0
63136,0.9031,40388.0
63703,1.030266,36909.0
65065,0.821184,57133.0
64063,0.974098,77966.0
63376,0.913354,94921.0
64014,0.879667,84187.0
65613,0.891045,56919.0
63367,0.946546,134932.0
63118,0.927816,57268.0
64012,0.885236,71782.0
64086,0.86416,107098.0
63368,0.868365,118811.0
65201,1.0183,46177.0
59601,1.107162,70502.0
59101,0.891881,58165.0
59405,0.816665,60509.0
59802,0.912806,65054.0
59701,1.197452,56799.0
59804,1.533102,74877.0
59901,1.144144,70391.0
59715,1.186311,85000.0
59405,0.820571,60509.0
68506,1.105367,70501.0
68510,1.092912,64183.0
68803,0.886257,70040.0
68901,0.987866,63547.0
68114,1.09196,73361.0
68124,1.168962,96341.0
69361,1.311239,55531.0
69101,0.978219,61833.0
68105,1.0621,53253.0
68025,0.931644,69467.0
68122,0.924593,103317.0
68046,0.956965,113708.0
68601,0.864108,70697.0
68701,1.177825,64862.0
68506,0.978841,70501.0
68526,0.945999,117447.0
68144,0.932125,81887.0
68130,0.885797,134421.0
68114,0.887102,73361.0
68123,0.87733,96188.0
68122,0.867785,103317.0
68845,0.969871,75350.0
68803,0.855931,70040.0
89502,1.095634,62719.0
89109,0.878575,54917.0
89030,0.904694,46204.0
89102,0.965831,48518.0
89801,0.945964,83777.0
89503,0.701182,66956.0
89703,1.092939,82237.0
89106,0.856963,38848.0
89502,0.817715,62719.0
89434,0.994537,90953.0
89128,0.88529,70641.0
89144,1.156788,100398.0
89052,1.085809,98462.0
89118,1.178583,67384.0
89148,0.847684,94926.0
89521,0.909124,125505.0
89086,0.990908,74478.0
89113,1.51164,88750.0
89149,1.193197,99085.0
89011,0.88328,93881.0
89511,0.977,117287.0
3301,1.034631,85943.0
3246,0.992077,68407.0
3060,0.971932,78068.0
3103,1.349236,70049.0
3867,0.932741,74397.0
3038,0.860723,104306.0
3820,0.693863,92793.0
3431,1.125402,78196.0
3060,0.750328,78068.0
3833,1.005759,110566.0
3801,0.831129,106520.0
3102,1.172748,69927.0
7601,0.689045,82212.0
7112,0.980008,55171.0
7047,0.912113,75505.0
8822,0.732914,137698.0
7055,0.759281,56780.0
7666,0.960071,134311.0
7109,0.929393,90164.0
8536,0.96771,128426.0
8210,1.051269,93855.0
7652,0.991884,139707.0
8103,1.179663,37563.0
7306,1.451166,75861.0
7444,0.863083,113661.0
7503,0.756084,60295.0
7018,1.286738,59039.0
8043,0.985332,112606.0
7065,0.836621,90852.0
7002,1.147054,81285.0
7860,0.95612,104113.0
8103,0.851434,37563.0
8015,1.226429,78926.0
8360,1.120191,62604.0
7701,0.958742,113630.0
8901,1.216462,60248.0
8861,0.944767,60464.0
7030,1.26874,176943.0
8755,0.631116,81077.0
8534,1.026285,180491.0
7631,0.600919,101398.0
8244,1.108067,67500.0
8876,0.915113,120823.0
7834,0.87108,162644.0
7901,0.876339,177986.0
8724,0.928591,98771.0
7042,0.954119,127083.0
8060,0.992334,107165.0
7652,1.153294,139707.0
8865,0.836758,78519.0
8046,0.909846,91447.0
8401,1.049467,36375.0
8318,0.930451,87551.0
8901,0.746346,60248.0
7302,1.0078,166854.0
7740,0.861767,73806.0
7039,0.920049,218416.0
7018,1.220716,59039.0
8701,0.84444,62811.0
8084,0.772577,100735.0
8638,1.065177,65650.0
7102,0.929119,37093.0
8690,0.813403,122665.0
7728,1.380464,107042.0
7733,0.834943,175559.0
8050,1.039118,115456.0
7840,1.119117,107956.0
7094,1.044186,134746.0
7103,1.03778,42397.0
7675,0.89951,176981.0
87106,1.56318,51079.0
87505,1.140035,75912.0
88310,0.846953,53833.0
87401,0.923048,56358.0
88201,0.807324,62752.0
87102,1.146,37276.0
87532,0.953951,57077.0
87109,0.874223,56295.0
88011,1.341563,75139.0
87106,1.01054,51079.0
88101,0.874839,55349.0
88210,0.949768,80423.0
87544,0.974375,135108.0
87420,0.954454,38079.0
87108,1.516425,39578.0
87301,0.969087,58302.0
88220,0.933077,79668.0
88240,0.924114,65394.0
87114,0.92829,81768.0
88130,0.989404,52420.0
88011,1.177843,75139.0
88201,0.957983,62752.0
87507,0.935,62955.0
88001,0.968355,32978.0
14210,1.372446,51059.0
10701,1.002101,63310.0
10456,0.924288,35676.0
13905,1.776242,53757.0
12208,1.270238,69505.0
11418,1.223912,84927.0
11229,1.186535,72556.0
12601,1.108951,64769.0
10029,0.932014,38308.0
11554,1.134875,128770.0
10310,1.054186,106118.0
14513,1.134108,61117.0
13815,1.321711,59757.0
11706,0.749128,115112.0
11743,0.758658,173014.0
10019,0.89252,121835.0
12010,1.159089,60013.0
12572,0.802294,96377.0
11355,0.832091,53700.0
11201,1.002289,169285.0
12208,1.236345,69505.0
14456,1.338454,74691.0
10467,1.340094,47806.0
14020,1.110411,59834.0
14424,1.139016,79135.0
14214,1.418294,56573.0
12983,1.069792,64604.0
10451,0.982161,37111.0
13820,1.097986,66217.0
10550,0.975793,56903.0
14905,2.543042,85888.0
12534,1.616443,76086.0
14895,1.096391,59063.0
12208,0.912843,69505.0
10065,0.589033,160938.0
14217,0.982079,72205.0
14760,0.997822,52569.0
10960,1.015328,126404.0
11030,0.934512,247393.0
11901,0.927774,83252.0
14141,0.987715,71837.0
13421,0.894207,63732.0
10075,0.897342,146556.0
14621,1.541799,36534.0
10940,0.794711,87198.0
10461,1.239276,65023.0
11373,1.043331,71470.0
14215,1.022572,43326.0
12771,0.95387,67926.0
13326,1.520948,70977.0
13203,1.200151,46526.0
11772,0.92623,105246.0
14843,0.974613,56004.0
12308,1.367539,59789.0
13601,0.810963,57503.0
10901,0.755319,114651.0
10305,1.347649,86294.0
10549,0.662777,122327.0
14617,1.071214,89530.0
10003,0.945088,153750.0
10468,1.342235,46624.0
13045,0.942981,67028.0
10010,1.108873,156127.0
12180,0.884865,73767.0
11542,0.943257,92284.0
11576,1.210335,232279.0
11777,0.967684,148519.0
14092,0.944333,67835.0
12801,1.433842,70019.0
11355,1.077405,53700.0
11219,0.989834,55685.0
11040,0.987733,153511.0
11235,1.180949,61689.0
13676,1.228297,56900.0
11572,0.991923,144419.0
10029,0.92814,38308.0
11768,0.896557,163435.0
11203,1.227899,68028.0
13210,1.252839,38783.0
10016,1.211743,153065.0
10990,0.85542,123199.0
10701,1.097661,63310.0
11209,1.136249,92656.0
13669,0.914629,66488.0
10016,0.659805,153065.0
13440,1.406271,65497.0
13069,1.028858,63156.0
14215,2.209169,43326.0
11237,1.010176,82570.0
12866,1.072158,98374.0
12401,1.049707,67426.0
14626,1.116059,78785.0
14048,0.96406,52971.0
11432,0.894016,75395.0
11212,1.790238,40060.0
10595,1.513178,108750.0
13021,1.112486,58946.0
14437,0.92718,64807.0
14701,0.909186,50909.0
10037,1.178794,51250.0
13210,1.248419,38783.0
11777,0.987844,148519.0
13210,0.956654,38783.0
12901,1.47623,59413.0
10591,1.170455,103480.0
12550,1.072867,78019.0
14432,1.080505,69750.0
10567,1.105264,152334.0
10021,0.748537,156712.0
10512,0.951246,124519.0
12078,1.400349,54565.0
14830,1.02471,73831.0
14220,1.102271,68337.0
11795,1.572949,171068.0
10601,0.74744,90733.0
14850,1.052395,69689.0
11803,0.919329,184410.0
11714,1.434183,123679.0
11203,0.907898,68028.0
12742,0.852419,144167.0
13903,1.540607,61244.0
11691,1.133903,57027.0
11206,1.678972,57280.0
10457,1.498217,44911.0
11787,0.862914,141505.0
28025,0.97663,79271.0
28801,0.764347,51125.0
27030,1.105462,47213.0
28352,1.009176,41635.0
27534,1.018161,59950.0
28139,1.07178,52148.0
27103,0.808456,66582.0
28144,0.987864,51432.0
28779,0.860844,54407.0
28791,1.045682,78179.0
27330,1.074434,60726.0
28150,1.077941,53027.0
28792,0.958499,55066.0
28328,0.953337,48137.0
28501,0.90725,33823.0
27705,1.078466,71153.0
28052,0.97597,46015.0
28677,0.923012,59081.0
27834,0.897179,48081.0
28645,0.940832,50529.0
28546,1.226292,60552.0
27704,0.924212,62435.0
28607,0.940367,44132.0
27288,0.948767,53081.0
27514,0.808618,94167.0
28659,1.129451,49578.0
28472,1.247085,48963.0
27610,0.807385,66245.0
28334,1.001788,54527.0
28655,1.120686,53464.0
27360,0.908043,60898.0
28752,0.918593,55036.0
27577,0.895812,56237.0
27401,1.246362,44524.0
28621,1.080707,54481.0
28210,0.974381,94145.0
27910,1.001406,43950.0
27886,0.986897,51180.0
27909,1.289885,64039.0
28203,1.01853,103860.0
27607,1.080906,95216.0
28374,0.739104,106746.0
28601,1.058359,67839.0
28001,1.090433,55610.0
28349,0.947996,63903.0
27203,0.957905,47506.0
27893,0.944244,40180.0
27565,1.184802,59406.0
28117,0.836358,109310.0
27705,1.120284,71153.0
28112,0.932076,74853.0
28560,0.98159,62142.0
27536,0.98425,39491.0
28301,1.437377,36955.0
28557,0.959799,67753.0
28602,0.932763,56031.0
28092,0.897276,62625.0
27804,0.961072,58837.0
27103,0.921537,66582.0
27870,0.95537,48994.0
27704,0.944461,62435.0
28462,0.847345,58545.0
27573,1.140643,44234.0
28262,1.138289,66757.0
27518,0.931922,121242.0
28144,1.566847,51432.0
28078,0.85411,120503.0
28721,0.995517,67323.0
27006,0.936469,94477.0
28376,0.928979,61793.0
28215,0.933659,66065.0
28805,1.090649,67104.0
58501,1.257949,69796.0
58701,1.025877,75329.0
58201,1.205454,69120.0
58102,0.795572,56028.0
58104,0.684511,85014.0
45255,0.753552,88694.0
44805,0.906889,62058.0
45219,0.952665,35936.0
43214,1.014781,92838.0
45662,1.091283,37345.0
45804,0.989181,42594.0
44622,0.983231,70237.0
43302,1.018664,53833.0
43081,0.879717,90336.0
45365,1.080518,66044.0
45701,0.990072,49604.0
43616,0.839655,82105.0
43215,1.069016,74469.0
44106,0.9002,42869.0
44870,0.828128,58797.0
44307,0.940452,28802.0
43402,0.927683,56245.0
45885,1.002485,75054.0
43213,1.062027,53908.0
44691,1.074103,71319.0
43701,1.012646,54900.0
45220,1.017085,51404.0
43050,1.366964,65044.0
44129,0.759993,67619.0
45056,0.94062,53413.0
43614,1.31555,57253.0
45409,0.671958,84000.0
45631,0.894871,54772.0
45014,0.85766,69624.0
45828,0.910249,77857.0
44109,1.373071,43130.0
44857,0.899519,62227.0
45801,0.894088,47442.0
43606,1.27495,60308.0
44708,1.091221,60159.0
45891,0.927876,62944.0
43130,1.610371,68242.0
44024,0.882863,104808.0
45005,0.94916,74239.0
44111,0.786054,54790.0
44266,0.83912,61211.0
45429,0.858422,77291.0
43935,0.972102,50109.0
44119,0.963977,48268.0
44710,1.341981,50453.0
43210,0.977049,30197.0
45504,0.716126,67334.0
44113,0.982109,70140.0
44883,0.911646,62497.0
44256,1.02418,100345.0
43040,0.945731,96320.0
45840,1.019049,64076.0
43920,0.88367,50820.0
44077,0.983615,80692.0
44811,1.007142,64453.0
43812,1.010997,51930.0
43608,0.925426,28535.0
44903,0.997716,65421.0
43506,1.060214,60705.0
44145,0.917515,110101.0
44004,1.274407,49507.0
44601,1.003358,61887.0
45013,1.006554,72932.0
45405,0.980539,41901.0
45220,0.933218,51404.0
44106,0.817683,42869.0
44125,0.812886,55524.0
44122,0.846854,97469.0
44035,0.866948,54362.0
45750,0.919854,56883.0
44654,0.978336,75195.0
44223,0.999467,89046.0
43228,0.866148,60895.0
44130,1.42491,68099.0
43420,0.944238,62802.0
45601,1.335405,57430.0
44484,0.953549,65435.0
45219,0.873011,35936.0
43113,0.888421,63715.0
44053,0.969272,65332.0
45373,0.859699,78278.0
45177,0.931309,70483.0
45242,0.695691,120869.0
44460,1.067131,59882.0
43140,0.951751,82598.0
43311,1.111575,64217.0
43725,1.125581,51612.0
43015,0.928734,99622.0
43952,1.08245,46591.0
43055,1.227146,61807.0
44124,0.668576,78895.0
45211,0.785433,54582.0
45103,0.899092,81837.0
45342,1.001656,83936.0
43616,1.114615,82105.0
45804,0.975503,42594.0
43054,0.829628,139679.0
43512,0.984527,72082.0
44512,0.70577,62311.0
43016,0.870978,110518.0
44310,0.781412,38912.0
44512,0.913451,62311.0
45069,0.869,115539.0
45502,0.947092,87378.0
44122,0.73998,97469.0
45431,1.13091,80058.0
45662,1.085173,37345.0
44011,0.929494,126618.0
44906,0.951028,51358.0
44122,0.977186,97469.0
45373,0.950362,78278.0
74104,0.882301,51886.0
73801,1.158804,65454.0
74601,1.052591,48810.0
73072,0.892792,76933.0
73120,0.752356,62942.0
74361,0.991156,57639.0
73701,0.869173,51497.0
74006,1.021874,74139.0
73644,0.908311,51774.0
74820,0.823003,62359.0
73521,1.196997,59857.0
73533,0.866434,59341.0
74401,1.277355,39767.0
73701,0.982886,51497.0
73112,0.818863,57833.0
74501,0.94903,55430.0
74017,0.943697,65519.0
73401,0.880587,60288.0
73018,0.921986,58340.0
73505,1.572108,57496.0
74127,0.820703,47287.0
74136,0.932632,51314.0
73104,1.326975,69886.0
73110,0.92801,50436.0
73505,0.897105,57496.0
73109,0.92945,40944.0
74344,0.917202,56644.0
74104,1.185062,51886.0
74401,1.387805,39767.0
74801,0.843141,53265.0
73104,1.576836,69886.0
74467,0.953031,58398.0
74464,0.963057,51362.0
74960,0.978295,48174.0
74820,0.935538,62359.0
74437,0.992205,45283.0
73120,0.942574,62942.0
73129,0.958045,43941.0
74133,0.945336,73983.0
73159,0.914905,56369.0
73134,0.713546,55827.0
74137,0.754045,103963.0
73099,1.096555,86198.0
73139,0.969225,47424.0
73120,0.754714,62942.0
74132,0.834225,75199.0
74133,0.915589,73983.0
73114,0.966244,52592.0
73114,0.992047,52592.0
73034,0.983559,113296.0
74055,1.159116,86897.0
74055,1.064285,86897.0
73135,1.028618,67464.0
74012,0.877831,80079.0
73034,0.874388,113296.0
73075,0.984722,52112.0
97058,0.957907,62257.0
97527,0.781956,66396.0
97225,0.952118,111341.0
97520,0.923064,71485.0
97227,1.002499,79161.0
97239,1.176125,108795.0
97210,1.085203,87942.0
97504,1.05235,81233.0
97477,0.854868,63574.0
97123,0.966615,105999.0
97321,1.0373,95687.0
97030,1.384674,61793.0
97471,0.924287,70765.0
97381,0.971176,84077.0
97132,0.925094,95150.0
97045,0.94187,100388.0
97239,1.366445,108795.0
97701,1.024795,77969.0
97601,1.489213,53333.0
97301,1.271944,57497.0
97914,0.932747,48442.0
97383,1.00883,75094.0
97216,0.852725,71951.0
97213,0.798877,95801.0
97128,0.919486,72055.0
97504,0.763534,81233.0
97222,0.911368,77441.0
97062,1.083942,106987.0
97420,1.131902,61624.0
97015,1.117553,82865.0
97477,0.726579,63574.0
97124,0.936629,107063.0
18510,0.944263,52500.0
15132,0.957253,32170.0
17815,0.945633,66145.0
17011,1.048833,88889.0
19446,0.807989,103875.0
17837,1.569949,80488.0
16105,0.959279,67256.0
19118,1.050727,105667.0
19140,0.914396,33149.0
15219,0.952676,32403.0
17901,0.863043,61632.0
15065,0.912534,66838.0
18951,0.876218,95084.0
15009,0.760084,83629.0
15143,0.907207,125339.0
15501,0.967201,55797.0
15401,0.827971,52051.0
15301,0.84863,69275.0
19611,1.191706,56379.0
17701,1.424302,52770.0
17403,0.894362,72233.0
17044,1.022149,58253.0
18015,0.581245,58470.0
15212,1.155433,61712.0
16652,0.946405,67386.0
18960,0.779261,103594.0
17015,1.075492,87634.0
16673,0.906933,69119.0
17325,1.007591,79351.0
17042,0.771973,76399.0
17104,1.089368,42113.0
17543,0.986054,94609.0
17042,0.812558,76399.0
19007,0.910516,66811.0
16601,1.11515,55504.0
18840,0.957638,59836.0
15801,1.265157,66380.0
15224,1.163824,65974.0
16346,0.897005,68804.0
16214,0.961509,53430.0
19605,1.076843,85775.0
19046,0.87723,112959.0
19104,0.708567,39526.0
17602,0.768462,71752.0
17408,1.226248,87044.0
15215,0.775075,89625.0
16735,0.975127,58496.0
15237,0.681151,108538.0
15905,0.95053,70620.0
19104,0.75359,39526.0
15963,0.971609,59256.0
16335,1.11427,58531.0
15213,1.213113,31330.0
19114,0.96761,76076.0
19401,0.907946,68646.0
15537,0.965892,58300.0
19464,1.366842,76338.0
18431,1.359569,55323.0
19460,1.130164,120472.0
18103,1.150162,72545.0
17268,1.081543,69715.0
19010,0.815917,143986.0
19141,0.836309,42461.0
15601,1.318283,75369.0
16365,0.996842,57694.0
15063,1.277879,65274.0
17201,0.843405,59645.0
19301,0.859491,157500.0
19023,1.05702,48962.0
15317,0.939838,107962.0
18042,0.945826,75806.0
16201,1.014856,70949.0
15213,1.187765,31330.0
16001,1.198753,61325.0
15701,0.990315,56538.0
19107,1.032662,70382.0
16125,0.929991,56851.0
19380,0.685476,122876.0
19013,1.657094,39416.0
18218,0.900062,60982.0
18201,0.824766,43983.0
19096,1.014668,186648.0
16509,1.206372,68880.0
15767,0.968832,49907.0
18301,0.883406,90488.0
18901,0.725389,115425.0
19152,0.887828,57966.0
16146,1.030474,44736.0
15650,0.960102,63314.0
19063,0.862545,121899.0
19104,0.932352,39526.0
17522,0.788526,71865.0
19107,0.907034,70382.0
15243,0.70939,111426.0
19001,0.809651,105271.0
17331,1.033916,76661.0
17033,1.134087,75093.0
19047,1.067227,110395.0
15025,1.344766,82917.0
16127,0.945773,69842.0
15146,0.848724,78295.0
16803,0.863523,71993.0
19128,0.88198,89639.0
16154,0.969526,70441.0
19610,0.925427,91034.0
19020,0.883302,80158.0
15301,0.949427,69275.0
19468,0.883724,106261.0
17402,0.856951,77134.0
18045,0.819973,109068.0
17403,0.966772,72233.0
15146,0.83467,78295.0
19403,0.687232,101996.0
18360,0.900981,69413.0
17961,0.91107,96354.0
15090,0.948989,155879.0
18235,0.884275,72626.0
17025,0.936569,89750.0
17756,0.980957,78906.0
18519,0.920881,58061.0
17601,0.958383,96433.0
921,1.837709,21797.0
2908,0.868144,74341.0
2904,1.008311,64637.0
2840,0.999443,83515.0
2879,1.106282,115848.0
2886,1.195076,91037.0
2905,0.986854,57126.0
2895,0.886484,58579.0
2906,0.637063,102796.0
2891,0.972251,90435.0
2908,1.000144,74341.0
29732,1.189217,79936.0
29536,0.962122,43637.0
29303,0.939455,45713.0
29672,0.833859,87521.0
29550,1.005758,54191.0
29671,0.985514,65429.0
29640,1.00284,60596.0
29203,1.182006,42371.0
29706,1.111592,50141.0
29440,1.022631,54926.0
29601,0.950203,73321.0
29204,1.199312,49745.0
29621,0.795853,71446.0
29488,0.88766,47083.0
29306,0.86114,38858.0
29720,0.955584,59039.0
29681,1.030749,107694.0
29325,0.92383,54209.0
29340,1.129741,42359.0
29020,1.269472,59389.0
29526,1.258478,66490.0
29506,0.989813,38441.0
29108,0.883678,52529.0
29574,1.088939,32699.0
29414,0.937423,91976.0
29902,1.001142,72564.0
29150,0.843419,48845.0
29646,1.148848,41669.0
29944,0.979717,51573.0
29169,1.028383,53673.0
29605,1.052261,63717.0
29406,0.910565,50640.0
29926,0.891795,101573.0
29801,1.319827,55032.0
29572,0.729556,75388.0
29401,0.705221,90074.0
29464,0.891718,107215.0
29505,0.949678,64194.0
29576,0.873924,70343.0
29927,0.90937,70718.0
29615,1.000315,74200.0
29651,0.830718,80748.0
29466,0.852163,130546.0
29569,0.940215,50659.0
29212,0.811386,74652.0
29520,0.937464,41786.0
29102,0.943468,45000.0
29486,0.924727,87386.0
29209,0.816256,58854.0
29401,1.041417,90074.0
57201,1.269972,64809.0
57006,0.976873,64818.0
57078,0.851961,72395.0
57401,1.009818,68183.0
57501,1.027454,79224.0
57783,0.917569,64970.0
57701,0.963957,52733.0
57049,0.887184,93239.0
57105,0.847806,74066.0
57703,0.77363,84495.0
57701,0.989237,52733.0
57108,0.835373,96184.0
38301,0.994653,40062.0
37066,1.526504,78049.0
37207,1.017098,60102.0
37355,0.954145,62943.0
38555,0.86379,55286.0
37804,1.015548,75794.0
37620,0.88513,54908.0
37920,1.264825,61348.0
38344,0.947366,51881.0
37643,0.882288,50455.0
38478,0.957539,58658.0
37067,0.994799,110202.0
37814,0.964071,51083.0
37748,0.901436,58649.0
37766,0.952832,46692.0
37830,0.900288,70795.0
37040,0.973908,65331.0
37055,0.968599,69283.0
38120,1.989882,119309.0
38104,0.930599,56452.0
37745,0.968144,54946.0
37129,0.996885,89772.0
37760,1.188709,61626.0
37879,0.94921,42848.0
37398,1.539916,63542.0
38501,1.036902,50923.0
38358,0.9467,65537.0
38237,0.99103,49301.0
37604,0.977192,49351.0
37172,0.972145,71103.0
38024,1.141656,54303.0
38401,0.914391,69467.0
37862,0.893766,58110.0
37205,0.87997,133068.0
37874,1.106048,52912.0
37404,0.681201,53585.0
37334,0.980209,62262.0
37403,1.043701,65750.0
38372,0.977407,51250.0
37772,0.894407,95164.0
37208,0.972757,62682.0
37849,0.724908,83400.0
37916,0.760731,17982.0
38261,0.910913,52884.0
38242,0.870967,44833.0
37160,0.952406,58899.0
38104,1.207528,56452.0
37388,1.012544,59892.0
37076,1.069884,74555.0
37110,0.942125,53135.0
38103,1.146882,75763.0
37821,1.24969,45350.0
37404,0.838249,53585.0
37203,0.748732,69671.0
37923,0.839411,70046.0
38464,0.919546,48239.0
37660,0.951978,46913.0
37129,0.960759,89772.0
38119,1.283592,86325.0
37604,0.789422,49351.0
37311,0.848169,46827.0
38570,0.943517,37652.0
37212,1.138197,86461.0
38583,0.987835,58285.0
37087,1.042421,80978.0
37075,0.746867,97597.0
37211,0.866852,69936.0
37203,0.765141,69671.0
37167,0.753769,79720.0
38133,0.909643,82485.0
79902,0.910962,45333.0
78028,1.501333,65486.0
76301,1.084725,41828.0
77802,0.91367,68132.0
75235,1.361724,60817.0
75246,1.531934,49665.0
77901,0.814751,57728.0
79905,1.193585,25496.0
78520,0.883761,47331.0
75601,0.78266,63279.0
78550,0.861077,51524.0
77702,0.902542,67344.0
77002,0.982079,85436.0
76104,1.178313,56848.0
79410,0.782826,48350.0
76712,1.097325,96267.0
78404,1.162858,60264.0
75203,1.114725,46358.0
79556,0.987507,48582.0
78705,0.784099,30336.0
78205,0.98955,34631.0
76012,1.083634,84468.0
77030,1.11922,79415.0
77566,1.007566,91406.0
75061,0.840257,61260.0
75455,0.920039,57585.0
78102,0.964813,59591.0
75701,0.982683,62091.0
76180,1.085731,78688.0
76240,1.325666,67056.0
78852,0.890817,52295.0
77504,0.873336,52784.0
76712,0.792345,96267.0
75701,0.694803,62091.0
78155,1.135225,71367.0
79902,0.694002,45333.0
78114,0.96815,84260.0
78539,1.151369,64864.0
78701,0.816444,154867.0
78596,0.974134,53797.0
79761,1.229517,69279.0
79701,1.221591,57679.0
76104,1.16644,56848.0
76104,1.064551,56848.0
77901,0.865357,57728.0
76031,0.923173,70672.0
76542,0.855454,72891.0
78840,0.939183,59608.0
79412,0.951909,47306.0
78363,1.037406,56867.0
78026,0.965034,77257.0
78572,0.888826,54029.0
77008,1.181972,142414.0
77030,1.044009,79415.0
75766,0.953075,51648.0
75460,1.083518,44241.0
75501,0.908115,46782.0
76086,0.85586,61415.0
79106,0.882033,54407.0
75901,0.868941,59083.0
78229,0.944869,46718.0
77304,1.147974,78574.0
79601,0.975073,54515.0
79106,1.490706,54407.0
78629,0.965886,65638.0
75482,1.08716,64049.0
78229,1.491117,46718.0
76458,1.038349,62969.0
77418,0.994023,80000.0
78666,0.883099,55478.0
77054,1.039432,59087.0
75142,0.975762,78301.0
75020,1.030224,66308.0
77469,1.03606,101546.0
77701,0.985089,48711.0
77340,0.942255,46878.0
76401,1.075636,60864.0
75401,1.016418,57335.0
77030,0.915788,79415.0
79201,0.97846,60125.0
78934,0.973872,66177.0
75165,0.914179,84780.0
75234,0.87907,86585.0
78229,0.900444,46718.0
75751,0.916607,71524.0
77351,0.966432,62710.0
76667,0.967622,50396.0
75069,0.780342,82804.0
76448,0.979,56957.0
76020,0.954685,91000.0
75204,0.910106,93007.0
77521,0.825366,76012.0
78705,1.123125,30336.0
75110,1.024501,53053.0
76043,0.993802,75827.0
75231,0.988352,54884.0
77414,0.917566,57545.0
75092,0.916679,67160.0
75652,0.969165,67031.0
75904,1.281831,59325.0
75961,1.116917,40130.0
77640,1.150177,50832.0
75082,0.962089,107720.0
79072,0.954605,50766.0
76051,0.9004,111193.0
76067,1.063615,59670.0
76903,0.853744,49045.0
76384,0.95795,51582.0
76801,1.002444,51712.0
76048,1.115264,66856.0
77954,0.965224,64654.0
78624,0.849045,67987.0
79106,1.156574,54407.0
77024,1.04022,142039.0
77598,1.058369,59758.0
76210,0.911233,108438.0
77090,1.096428,48196.0
76022,0.881124,72197.0
78041,0.897354,61007.0
77082,0.895409,60510.0
75230,0.874146,109864.0
75075,1.108656,91517.0
79720,0.968134,71194.0
75965,0.913264,52640.0
77004,0.982089,65901.0
79761,1.015795,69279.0
78526,1.003689,68143.0
79902,1.07654,45333.0
75057,0.842819,76128.0
75216,0.891752,37613.0
77375,0.798685,95813.0
76104,0.907483,56848.0
77054,0.941312,59087.0
76015,0.983309,70912.0
76115,1.056713,51823.0
75218,1.092617,109677.0
77338,1.049563,68808.0
79415,1.08395,37101.0
75149,1.113266,70629.0
77437,0.955081,72490.0
75605,0.95688,75665.0
77058,0.794596,66471.0
78503,1.255895,48765.0
78704,0.872078,97160.0
78681,0.965172,136215.0
75237,1.063195,43149.0
75010,1.026471,105386.0
75088,0.999054,105064.0
76201,0.764526,37863.0
75801,1.075864,53485.0
77030,0.796333,79415.0
75093,1.139426,121226.0
77090,0.945152,48196.0
76132,0.866618,67017.0
78414,0.873293,96788.0
75503,0.899855,67733.0
77030,0.701225,79415.0
78731,0.910137,102886.0
78758,0.711151,69019.0
77479,0.626433,162381.0
75039,0.913719,102366.0
76310,0.870544,83610.0
78332,0.927115,47199.0
77504,0.995031,52784.0
75119,0.981327,76983.0
77802,0.94111,68132.0
75013,0.833311,151618.0
77070,0.752118,72440.0
77494,0.849568,146105.0
77479,0.976253,162381.0
75226,1.032768,69589.0
75034,1.101599,107945.0
78550,0.847926,51524.0
78258,0.790228,116133.0
77479,1.054873,162381.0
77384,0.830639,103745.0
75701,0.774609,62091.0
78737,0.987235,164066.0
78759,0.847096,102799.0
78539,0.969289,64864.0
76504,1.014971,50420.0
76017,1.314525,88442.0
75063,0.99152,117583.0
79124,0.869826,110144.0
79416,1.151246,65200.0
76110,0.937738,68435.0
76262,0.925096,143093.0
75035,0.853982,161030.0
75231,0.931652,54884.0
75093,0.954883,121226.0
75093,0.955035,121226.0
76208,0.791875,90833.0
78229,1.224648,46718.0
84604,0.671708,74522.0
84102,0.977597,50040.0
84403,0.741919,84589.0
84405,0.856699,84488.0
84721,0.935507,73342.0
84107,0.902909,73469.0
84501,1.066492,53256.0
84651,0.863278,94152.0
84074,0.942699,102313.0
84341,0.928165,64045.0
84302,0.962355,75247.0
84066,0.977938,75383.0
84790,0.851842,85720.0
84003,0.982683,120262.0
84701,0.958451,77532.0
84078,0.977515,71230.0
84041,1.270189,87608.0
84010,0.84439,102038.0
84094,0.937629,102881.0
84124,1.080953,117500.0
84088,0.820077,100532.0
84057,0.877569,80184.0
84341,0.96125,64045.0
84060,0.94227,132412.0
84065,0.960125,122809.0
84020,1.018585,130680.0
84041,0.953062,87608.0
84660,0.999286,98398.0
5641,1.572633,70019.0
5401,1.426006,60532.0
5701,1.313408,58744.0
5301,0.945332,54599.0
5201,0.857918,60428.0
5478,1.159849,70752.0
22801,0.897669,70779.0
22601,0.939136,66542.0
23507,1.208428,107650.0
24592,1.106359,48655.0
23707,0.821423,51070.0
22939,1.053427,81765.0
22701,0.948914,93910.0
23860,0.986183,55104.0
24501,1.494758,45305.0
22401,1.410876,85432.0
20186,1.081688,100813.0
24014,1.043914,65089.0
22630,1.061257,84513.0
23417,0.925513,71207.0
24354,0.955002,42076.0
22304,0.852229,97629.0
23602,0.830593,72487.0
24073,1.253071,75103.0
20176,0.823364,166870.0
23434,0.947624,75798.0
20110,0.78296,120397.0
23502,0.923526,66467.0
24153,0.771464,72691.0
22205,0.998382,192951.0
23601,0.848405,71345.0
24211,1.085777,84559.0
23454,0.923876,97835.0
23226,1.107552,126554.0
24641,1.044845,37044.0
22042,0.933906,135578.0
23185,0.835555,103507.0
23805,1.127568,65811.0
23116,0.893793,139029.0
24541,0.943537,49292.0
22911,0.910228,121556.0
22560,1.023824,65357.0
24523,0.929634,70074.0
24151,0.944601,65267.0
23901,1.174119,51992.0
23851,0.925112,73333.0
23666,0.897305,70798.0
23970,0.948877,57225.0
22033,0.774808,134532.0
20190,0.641743,126928.0
24060,0.816253,63496.0
24382,1.069289,52234.0
23225,1.010175,60865.0
22191,1.003586,107993.0
24219,0.954317,52303.0
24333,0.988892,47539.0
24301,0.944815,58790.0
23229,0.65527,102415.0
23456,0.896878,128403.0
24153,0.999054,72691.0
23320,1.145301,81736.0
22306,0.985226,95026.0
24614,0.979747,40000.0
23061,0.943974,91547.0
23114,0.893557,108770.0
22554,0.921102,148268.0
22408,0.912192,114598.0
23185,0.974972,103507.0
20169,0.847192,198317.0
20166,0.87763,135246.0
99362,0.830465,70660.0
98274,1.035238,93762.0
98101,0.776046,128143.0
98221,1.016632,92925.0
98166,0.909532,112191.0
98201,1.042654,73822.0
98001,1.064294,107218.0
98531,0.944558,61963.0
98499,0.919849,65000.0
98506,1.210668,93968.0
98122,1.18211,106479.0
98026,1.013271,124462.0
98122,0.928166,106479.0
98225,0.694391,62220.0
98520,0.852879,59744.0
98837,1.137313,70732.0
98902,0.938742,60050.0
98310,0.823234,73292.0
98632,1.128446,64705.0
98664,0.811475,81697.0
98004,1.164831,176367.0
98112,0.997456,162073.0
99338,1.11869,116002.0
99352,1.025514,96875.0
98223,0.953557,96478.0
98104,1.035315,61866.0
98362,0.887689,67778.0
99208,0.902675,81084.0
98372,1.31019,100316.0
98272,0.969754,115894.0
98055,1.636103,100207.0
98405,0.897714,80024.0
99216,1.251184,69958.0
98034,0.883612,128974.0
98405,1.047895,80024.0
98502,0.973693,87154.0
98003,1.027333,70800.0
98686,1.09219,101866.0
98332,0.858334,122827.0
98029,0.867172,164058.0
98042,0.957137,125554.0
98108,1.324362,90806.0
24970,0.956733,46688.0
26330,0.93229,86843.0
25702,1.470472,39225.0
25401,1.084472,49157.0
25550,1.277408,49940.0
26038,1.101488,88409.0
25301,1.608082,21063.0
26062,0.994182,59027.0
26505,1.065697,42275.0
25801,0.940083,49370.0
26241,1.078619,53102.0
26452,1.257063,48019.0
26301,0.89443,49773.0
24740,1.263368,46272.0
25601,0.899071,47010.0
25704,0.878973,51646.0
26003,1.006116,58625.0
25701,1.015155,51671.0
26101,1.108759,45556.0
25405,0.870847,90962.0
25801,1.065144,49370.0
25801,1.149015,49370.0
24801,0.980816,29492.0
25301,0.970309,21063.0
54481,1.283002,57234.0
54601,0.798651,60078.0
53188,0.922533,88656.0
54915,1.003134,83814.0
54868,0.955932,64567.0
54501,1.103321,68602.0
53143,1.165369,67105.0
53566,0.835675,71801.0
54401,0.786334,69542.0
54494,0.910209,71087.0
54241,0.932084,63415.0
53083,0.843008,77739.0
54449,1.359278,66611.0
53027,0.949505,85708.0
53901,0.962629,72244.0
53081,0.94056,62401.0
54956,1.029041,81386.0
54301,1.169834,76768.0
53705,0.977121,82315.0
53211,0.902023,76206.0
53913,0.974694,73856.0
53105,0.857368,88798.0
53066,0.799592,111348.0
53095,0.922015,82219.0
54703,0.712147,68801.0
53538,1.130825,80784.0
54301,1.353167,76768.0
53916,0.961218,72704.0
53215,1.045047,49207.0
53715,0.881635,37598.0
54601,1.10074,60078.0
54935,1.013413,63060.0
53715,1.092247,37598.0
54568,0.96408,71944.0
53578,0.961825,100194.0
53405,0.96174,68339.0
54303,1.130411,58110.0
53511,1.346691,65305.0
53121,0.881266,83635.0
53051,0.785724,98423.0
53948,0.927551,58534.0
54143,0.910788,68183.0
53098,1.022876,73147.0
53210,0.859122,45268.0
53215,1.258751,49207.0
53227,0.899364,71594.0
54911,1.492649,66747.0
53226,0.772189,86361.0
53142,1.219717,86891.0
54313,1.004069,108410.0
53212,0.880937,42679.0
54720,0.931262,81101.0
54904,0.916644,95813.0
54476,0.94273,76132.0
53132,0.909236,110656.0
53066,0.806551,111348.0
53024,0.976471,91675.0
53546,1.056412,73430.0
54701,1.086794,71406.0
54548,0.867571,69784.0
82716,1.038475,77169.0
82801,1.266903,70315.0
82501,0.912248,62456.0
82901,1.077027,74107.0
82601,1.073487,68526.0
82001,0.906398,74149.0
83001,1.316892,114402.0
82072,0.911972,52717.0
82930,0.98134,79292.0
82609,0.955837,70902.0
82001,0.968553,74149.0
77339,0.96687,84015.0
78746,0.887566,183028.0
77598,0.902129,59758.0
76063,0.969972,113177.0
75093,0.672229,121226.0
77505,0.939497,94643.0
78664,1.185678,85919.0
78664,0.756852,85919.0
78613,0.820374,120829.0
75032,0.991993,128465.0
79938,0.885862,75801.0
75231,0.822852,54884.0
77478,0.965932,116205.0
78240,0.933539,62203.0
78258,0.729664,116133.0
78640,0.830197,88533.0
77384,0.86532,103745.0
75182,0.865226,157500.0
76015,0.832822,70912.0
75028,0.903159,147040.0
75070,0.951023,106549.0
76012,1.179926,84468.0
75001,1.084405,82577.0
77070,0.980691,72440.0
75090,0.935971,58586.0
77094,0.800588,160350.0
76548,0.981201,80847.0
75071,0.892081,132839.0
76244,0.873857,119542.0
77845,0.932321,90434.0
75146,0.977638,70143.0
78130,0.903233,84426.0
77015,1.0135,57324.0
76177,0.851365,103990.0
77584,1.188011,116373.0
78654,0.88817,72669.0
77521,0.994434,76012.0
78249,0.80039,80851.0
79911,1.057818,108525.0
77385,0.530893,112798.0
78660,0.969789,109522.0
78610,1.010176,110417.0
78735,1.001964,126216.0
75033,0.924715,171640.0
76051,0.952743,111193.0
77338,0.986725,68808.0
77379,0.950946,110712.0
76065,1.000737,123664.0
76063,0.955839,113177.0
